Date_Time,Scalar,BX,BY,BZ,Plasma Temperature(K),Proton Density(N/cm^3),Plasma Speed(km/s),Alpha/Proton Ratio,Flow Pressure,DST index
2023/1/1 0:00:00,5.6,-1.9,4.6,-0.7,111138,2.4,603,0.038,1.68,-23
2023/1/1 1:00:00,5,-3.9,-0.6,0.6,157287,2.6,582,0.046,1.74,-21
2023/1/1 2:00:00,5.2,-3.9,-1.2,1.5,143309,2.6,581,0.044,1.72,-23
2023/1/1 3:00:00,5,-3.4,1.5,0.4,138155,2.4,576,0.046,1.57,-26
2023/1/1 4:00:00,4.9,-2.4,2.7,0.7,130313,2.5,585,0.044,1.68,-26
2023/1/1 5:00:00,4.8,-3.5,0.8,1.7,125800,2.5,569,0.043,1.58,-23
2023/1/1 6:00:00,4.8,-4.6,-0.1,0.2,126272,2.3,548,0.042,1.35,-19
2023/1/1 7:00:00,4.8,-4.5,0.6,1,131445,2.2,543,0.045,1.28,-17
2023/1/1 8:00:00,4.8,-3.2,1.9,0.8,120878,2.4,553,0.042,1.43,-16
2023/1/1 9:00:00,4.9,-2.4,2.2,-1.8,101674,2.4,559,0.038,1.44,-15
2023/1/1 10:00:00,5,-3.2,2.7,0.9,83809,2.3,546,0.031,1.29,-19
2023/1/1 11:00:00,4.8,-3.8,-0.6,2.6,99753,2.4,541,0.048,1.4,-19
2023/1/1 12:00:00,4.7,-3.4,1.8,-0.1,120895,2.4,535,0.05,1.38,-17
2023/1/1 13:00:00,4.7,-2.6,2.8,-0.6,114336,2.7,537,0.047,1.54,-16
2023/1/1 14:00:00,4.7,-1.3,4.1,-0.9,103012,2.6,539,0.04,1.46,-20
2023/1/1 15:00:00,4.7,-2.6,3,-0.4,105619,2.6,522,0.042,1.38,-18
2023/1/1 16:00:00,4.5,-3.3,2.4,-0.4,124735,2.7,515,0.047,1.42,-19
2023/1/1 17:00:00,3.9,-1.1,2.1,-1.8,147645,2.9,525,0.048,1.59,-16
2023/1/1 18:00:00,4.2,0.1,1.8,-2.7,126711,3,523,0.043,1.61,-19
2023/1/1 19:00:00,4.8,0,2.7,-3.5,112862,2.9,523,0.042,1.55,-22
2023/1/1 20:00:00,3.5,-1.1,0.9,-0.9,162523,3.5,513,0.045,1.82,-24
2023/1/1 21:00:00,4.5,-4,1.1,1.2,149738,2.9,487,0.053,1.39,-19
2023/1/1 22:00:00,4.4,-3.6,-0.5,-1.3,137384,3,487,0.053,1.44,-12
2023/1/1 23:00:00,4.6,-1.8,0.6,-2.5,125401,3,499,0.044,1.47,-17
2023/1/2 0:00:00,4.6,-0.6,2.5,-2.2,122840,3.1,505,0.04,1.53,-17
2023/1/2 1:00:00,4.7,-1.1,3.1,-1.3,106846,3,503,0.038,1.46,-20
2023/1/2 2:00:00,4.6,-2,3.4,0.9,99071,3,500,0.042,1.46,-20
2023/1/2 3:00:00,4.6,-3.2,1.6,2.2,85018,2.8,486,0.04,1.28,-18
2023/1/2 4:00:00,4.8,-0.8,4,-0.6,85618,3,507,0.043,1.51,-15
2023/1/2 5:00:00,4.5,-3.4,1.1,2,86212,2.9,479,0.046,1.32,-19
2023/1/2 6:00:00,4.2,-3,2.1,1.2,73818,2.7,477,0.04,1.19,-18
2023/1/2 7:00:00,4.2,-3.4,1.8,1.5,63770,2.6,475,0.036,1.12,-13
2023/1/2 8:00:00,3.9,-3.3,1.3,1.3,68417,2.6,473,0.039,1.12,-9
2023/1/2 9:00:00,2.7,1.4,0.2,-1.3,94122,3.1,487,0.049,1.47,-6
2023/1/2 10:00:00,2.5,1.5,-0.5,-1.2,87577,3,478,0.045,1.35,-8
2023/1/2 11:00:00,3,-1.6,1.7,-0.7,85190,3,455,0.051,1.25,-12
2023/1/2 12:00:00,3.4,-0.3,-1.7,-2.7,72614,3.4,459,0.043,1.4,-10
2023/1/2 13:00:00,3.5,-0.1,0.8,-2.6,76904,3.8,456,0.042,1.54,-10
2023/1/2 14:00:00,3.9,1,3.4,0.9,56066,3.1,455,0.04,1.24,-15
2023/1/2 15:00:00,2.8,0.5,1.6,0.3,69746,3.3,443,0.045,1.28,-13
2023/1/2 16:00:00,2.5,-1.4,0.8,0,75615,4,423,0.061,1.49,-15
2023/1/2 17:00:00,3.4,-2,2.5,-0.2,62380,4.1,416,0.066,1.5,-15
2023/1/2 18:00:00,3.6,-1.4,2.5,-0.1,59769,4.4,416,0.069,1.62,-11
2023/1/2 19:00:00,3.5,-1.3,0.6,-1.5,65882,4.7,419,0.064,1.73,-8
2023/1/2 20:00:00,3.5,0.3,-0.1,-1.9,73645,4.4,418,0.065,1.62,-9
2023/1/2 21:00:00,3.7,1.3,0.9,-3.1,71164,4.5,418,0.064,1.65,-10
2023/1/2 22:00:00,3.9,0.7,-0.5,-3,72474,4.4,415,0.064,1.59,-8
2023/1/2 23:00:00,3.7,-0.3,2.4,-1.7,73063,4.4,414,0.056,1.54,-9
2023/1/3 0:00:00,3.2,-0.7,1.9,0.6,80324,4.6,414,0.053,1.6,-8
2023/1/3 1:00:00,3.4,-1.7,1.8,0.8,74410,4.2,409,0.046,1.39,-10
2023/1/3 2:00:00,3.9,-0.3,2.2,3,60560,4.2,415,0.04,1.4,-13
2023/1/3 3:00:00,3.8,-2,1.4,1.8,60649,3.9,402,0.041,1.23,-12
2023/1/3 4:00:00,3.3,0.3,0.6,-1.2,73376,3.8,415,0.04,1.27,-6
2023/1/3 5:00:00,3.3,0.7,2.6,0.1,71081,3.6,414,0.042,1.2,-5
2023/1/3 6:00:00,2.7,0,1.2,-1.1,80067,3.9,409,0.038,1.26,-5
2023/1/3 7:00:00,2.4,0.6,-0.1,-1.7,78052,3.8,409,0.043,1.24,-4
2023/1/3 8:00:00,2.7,2.1,-0.4,-0.5,70693,3.7,411,0.052,1.26,-4
2023/1/3 9:00:00,3,-0.3,2.3,1.2,65080,3.7,390,0.059,1.16,-5
2023/1/3 10:00:00,3,-0.6,2.7,0.2,69157,4,387,0.061,1.24,-2
2023/1/3 11:00:00,2.9,-0.4,2.3,-1,63887,4,387,0.056,1.22,-6
2023/1/3 12:00:00,2.7,-1.4,1.7,-0.3,67081,3.8,378,0.067,1.15,-10
2023/1/3 13:00:00,3.3,-3.1,0,-0.2,63483,3.7,366,0.08,1.09,-10
2023/1/3 14:00:00,3.3,-2.9,-0.6,0.7,66328,4.4,373,0.066,1.29,-9
2023/1/3 15:00:00,3.4,0.7,1,-2.5,59545,4.6,385,0.059,1.41,-9
2023/1/3 16:00:00,4.8,1.4,2,-3.1,50088,4.8,387,0.052,1.45,-13
2023/1/3 17:00:00,5.4,0.6,-0.3,-3.5,61460,5.4,390,0.053,1.66,-15
2023/1/3 18:00:00,6.4,-5.8,0.6,-0.5,78555,5.7,383,0.069,1.78,-16
2023/1/3 19:00:00,5.3,1.3,2.5,-0.9,86914,7.3,393,0.055,2.3,-14
2023/1/3 20:00:00,5.8,3.1,4.5,-0.6,88598,7.6,404,0.058,2.55,-8
2023/1/3 21:00:00,5.8,2.8,3.3,0.2,87751,8.7,409,0.059,3,3
2023/1/3 22:00:00,7.4,1.2,4.4,-1.2,117278,11.8,418,0.057,4.23,10
2023/1/3 23:00:00,9.1,1.6,5.1,-6,110663,13.6,426,0.054,5.01,0
2023/1/4 0:00:00,11.1,2.7,9.2,-4.5,74512,14.1,429,0.046,5.13,-7
2023/1/4 1:00:00,11.8,5.8,9.2,-4.4,38583,14.3,433,0.049,5.36,-5
2023/1/4 2:00:00,10.3,6.1,7.2,-3.8,38751,17.3,428,0.055,6.46,-12
2023/1/4 3:00:00,12.1,0.6,3.4,-10.3,18241,5.4,417,0.047,1.86,-27
2023/1/4 4:00:00,13,-1,5.6,-11.6,11536,3.2,410,0.044,1.06,-36
2023/1/4 5:00:00,14.2,-1.9,9.3,-10.5,12808,3.6,413,0.04,1.19,-39
2023/1/4 6:00:00,16.1,-2.6,11.2,-11.2,16386,3.3,418,0.034,1.09,-45
2023/1/4 7:00:00,17.3,-2.4,14.5,-9.1,26502,5.2,418,0.032,1.71,-53
2023/1/4 8:00:00,18.4,0,17.8,-4.2,14901,7.3,418,0.041,2.48,-58
2023/1/4 9:00:00,18.7,-0.6,18.6,-1.4,14856,7.1,416,0.035,2.34,-61
2023/1/4 10:00:00,18.8,-0.4,18.6,2.2,8636,5.3,410,0.054,1.81,-50
2023/1/4 11:00:00,18.8,-0.9,18.1,4.9,6326,4.6,401,0.064,1.55,-46
2023/1/4 12:00:00,18.7,-0.4,16.7,8.2,8101,3.8,400,0.059,1.25,-43
2023/1/4 13:00:00,18.2,-2.1,13.6,11.8,17297,4.9,402,0.067,1.68,-39
2023/1/4 14:00:00,16.8,-0.6,9.8,11.9,35285,12.2,398,0.06,4,-29
2023/1/4 15:00:00,15.4,1.1,9.5,10.7,28390,25.4,399,0.04,7.83,-15
2023/1/4 16:00:00,15.6,1.3,5.1,14.6,13834,23.8,397,0.059,7.74,-9
2023/1/4 17:00:00,15.8,0,6.8,14.1,21130,16.1,404,0.049,5.25,-9
2023/1/4 18:00:00,16.5,2.2,6.4,14.9,25436,11.6,400,0.064,3.89,-7
2023/1/4 19:00:00,16.8,1.4,1.6,16.5,24408,13.9,397,0.052,4.42,-2
2023/1/4 20:00:00,17.3,1.7,-0.5,17.1,19095,12.3,388,0.056,3.79,-2
2023/1/4 21:00:00,17.6,0.7,-2.8,17.3,16898,10.1,385,0.071,3.21,-1
2023/1/4 22:00:00,17.5,0.7,-4.7,16.7,22020,11.1,382,0.075,3.52,-2
2023/1/4 23:00:00,17,0.8,-7.5,15.1,35891,11.6,381,0.089,3.81,-2
2023/1/5 0:00:00,16.8,-0.3,-7.7,14.8,43391,12.6,382,0.087,4.14,1
2023/1/5 1:00:00,16.8,-0.2,-7.9,14.5,45593,12.9,381,0.088,4.23,1
2023/1/5 2:00:00,17.7,0.6,-9,15.2,25325,11.5,381,0.072,3.59,-1
2023/1/5 3:00:00,19.1,1.1,-10.1,16.2,21338,13,385,0.069,4.11,3
2023/1/5 4:00:00,20,1.7,-13.8,14.3,23628,14.2,388,0.066,4.51,8
2023/1/5 5:00:00,19.4,1.7,-14.8,12.4,30623,14.5,384,0.072,4.6,10
2023/1/5 6:00:00,19.3,0.4,-14.8,12.3,59208,17.1,381,0.029,4.63,11
2023/1/5 7:00:00,19.3,1.6,-16.7,9.5,65064,18.2,378,0.035,4.95,15
2023/1/5 8:00:00,18.3,1.4,-15.8,9.1,65744,17.7,377,0.045,4.96,16
2023/1/5 9:00:00,18.2,1.8,-16.8,6.3,42396,14.6,374,0.048,4.07,13
2023/1/5 10:00:00,16.9,2.4,-14.8,6,39049,14.1,368,0.049,3.81,11
2023/1/5 11:00:00,16.6,2.7,-13.2,3.7,34712,12.7,363,0.045,3.3,9
2023/1/5 12:00:00,15.6,0.7,-13,-7.5,42201,10.3,356,0.036,2.49,1
2023/1/5 13:00:00,14.4,0.7,-13.9,-3.4,48600,12.1,358,0.035,2.95,-4
2023/1/5 14:00:00,14.1,1,-11.3,-8.3,53004,7.4,353,0.027,1.71,-10
2023/1/5 15:00:00,13,1.2,-10.2,-8,59441,8.1,349,0.028,1.83,-8
2023/1/5 16:00:00,12.1,1,-10.4,-5.5,55675,9.1,355,0.039,2.21,-15
2023/1/5 17:00:00,11.9,2.6,-10.8,-3.5,52339,8.5,345,0.041,1.97,-18
2023/1/5 18:00:00,11.6,1.8,-10.5,-4.1,56847,7.7,351,0.036,1.81,-20
2023/1/5 19:00:00,11.1,0.9,-9.2,-4.9,70239,7.4,360,0.034,1.82,-22
2023/1/5 20:00:00,10.8,2.4,-9.2,-3.6,66345,6.9,345,0.033,1.55,-24
2023/1/5 21:00:00,11.3,3.1,-10,-2.9,86348,6,342,0.024,1.28,-26
2023/1/5 22:00:00,11,2.8,-10.5,-0.5,96860,5,344,0.027,1.09,-26
2023/1/5 23:00:00,8.9,-0.7,-6,6.1,308427,4.4,355,0.074,1.2,-23
2023/1/6 0:00:00,8.4,0.2,-5,5.7,9999999,4.4,352,0.062,1.14,-19
2023/1/6 1:00:00,8.2,-1.7,-2.3,7.2,243193,4.1,357,0.056,1.07,-16
2023/1/6 2:00:00,8.5,1.1,-3.8,7.2,227973,4.2,340,0.066,1.02,-17
2023/1/6 3:00:00,10,-0.3,-6.6,6.2,239434,3.9,358,0.051,1.01,-17
2023/1/6 4:00:00,10.9,0.7,-9.4,5.4,9999999,3,358,0.036,0.73,-20
2023/1/6 5:00:00,10.8,0.1,-8.8,5.6,207216,2.5,358,0.069,0.68,-21
2023/1/6 6:00:00,10.5,-1.2,-7.8,5.9,153073,3.7,364,0.035,0.93,-17
2023/1/6 7:00:00,10.9,-2.1,-10.3,0.4,197762,3.8,367,0.029,0.95,-12
2023/1/6 8:00:00,11.3,0.3,-10.4,3.8,115180,3,366,0.028,0.75,-11
2023/1/6 9:00:00,11.5,1.3,-10.3,3.9,155515,4.4,351,0.019,0.97,-9
2023/1/6 10:00:00,11.5,1.9,-10.7,3.3,125038,3.2,362,0.026,0.77,-8
2023/1/6 11:00:00,11.2,-4.1,-8.5,5.2,83102,3.5,394,0.014,0.96,-9
2023/1/6 12:00:00,9.1,-1.9,-6.2,5.8,236454,3.6,393,0.04,1.08,-9
2023/1/6 13:00:00,9.4,-1,-8.3,3.2,185441,3.1,396,0.03,0.91,-8
2023/1/6 14:00:00,10,-2,-6.1,7.3,128311,2.9,397,0.024,0.84,-9
2023/1/6 15:00:00,10.2,-2.3,-5.9,7.3,94752,2.6,400,0.013,0.73,-8
2023/1/6 16:00:00,10.6,-1.5,-7.4,6.8,159954,1.7,406,0.018,0.5,-8
2023/1/6 17:00:00,10.8,-0.4,-8.8,6.2,214917,1.8,398,0.015,0.5,-10
2023/1/6 18:00:00,10.9,-0.3,-8.8,6,220779,1.9,408,0.016,0.56,-9
2023/1/6 19:00:00,10.5,-1.1,-8.6,5.2,185869,2.1,427,0.01,0.67,-8
2023/1/6 20:00:00,9.3,-0.9,-6.4,3.5,112006,2.8,442,0.034,1.04,-2
2023/1/6 21:00:00,9,2.9,-6.6,0.4,183416,3,452,0.033,1.16,0
2023/1/6 22:00:00,7.3,-0.1,-4.9,0.9,251850,4.1,451,0.037,1.6,4
2023/1/6 23:00:00,8.8,1.7,-7.8,1,216534,3.8,453,0.034,1.48,3
2023/1/7 0:00:00,8.1,-2.6,-5.3,3.7,171134,3.5,451,0.028,1.32,2
2023/1/7 1:00:00,7.7,3.9,-6.4,-0.7,131298,3.2,446,0.03,1.19,-1
2023/1/7 2:00:00,7.6,0.3,-6.4,3.2,111183,3.8,447,0.032,1.43,-3
2023/1/7 3:00:00,7.4,0.8,-6.9,1.8,92750,3.9,442,0.039,1.47,-3
2023/1/7 4:00:00,6.9,3.6,-4.5,-0.3,103288,3.8,426,0.054,1.4,-3
2023/1/7 5:00:00,7,1,-6,-0.1,109300,4.4,445,0.048,1.73,-4
2023/1/7 6:00:00,7.1,6,-3.2,-0.5,84013,3.6,398,0.047,1.13,-1
2023/1/7 7:00:00,7.2,3.2,-5.4,1.9,69612,3.8,417,0.045,1.3,2
2023/1/7 8:00:00,8,4.8,-5.2,2.6,46764,3.8,407,0.043,1.23,4
2023/1/7 9:00:00,7.8,2.8,-5.4,4.5,50690,4.1,419,0.042,1.4,6
2023/1/7 10:00:00,7,4.8,-2.3,4.4,72673,4.2,405,0.052,1.39,5
2023/1/7 11:00:00,7,0.3,-3.8,5.1,67451,4.3,425,0.042,1.51,2
2023/1/7 12:00:00,7,-2.3,-5.2,3.6,55848,4.3,441,0.037,1.6,1
2023/1/7 13:00:00,6.8,2.7,-3,4.3,66216,4.3,404,0.041,1.36,2
2023/1/7 14:00:00,7,2.3,-3.8,5,57863,4.2,408,0.042,1.36,4
2023/1/7 15:00:00,7,2.2,-5.6,0.6,77623,4.7,412,0.045,1.57,6
2023/1/7 16:00:00,6.8,5.5,1.9,-0.9,77152,4.2,391,0.052,1.3,6
2023/1/7 17:00:00,6.9,3.3,-2.5,2.2,80714,4.5,407,0.044,1.46,-2
2023/1/7 18:00:00,6.8,2.6,-3.9,4,81663,4.6,413,0.037,1.5,-3
2023/1/7 19:00:00,6.7,2.5,-3.3,3.4,93306,4.7,416,0.037,1.56,-1
2023/1/7 20:00:00,7.1,4.9,-3.1,2,76051,4.6,398,0.033,1.38,1
2023/1/7 21:00:00,6.6,1.8,-0.5,5.5,102907,5.1,420,0.035,1.71,1
2023/1/7 22:00:00,6.2,3.8,-1.2,1.9,100219,4.9,405,0.038,1.55,3
2023/1/7 23:00:00,6.2,3.7,0.8,3.1,96426,5.1,405,0.034,1.59,3
2023/1/8 0:00:00,6,2.4,-4,-1.3,104024,5.2,409,0.035,1.66,3
2023/1/8 1:00:00,5.8,3.9,-0.5,-2.5,100793,5,398,0.034,1.5,-2
2023/1/8 2:00:00,999.9,999.9,999.9,999.9,99328,4.9,380,0.035,1.35,-9
2023/1/8 3:00:00,6.7,2.9,-4.4,-4.1,9999999,999.9,9999,9.999,99.99,-11
2023/1/8 4:00:00,6.3,-0.1,-6,0.2,9999999,999.9,9999,9.999,99.99,-16
2023/1/8 5:00:00,6.4,4.5,-4.3,0.8,9999999,999.9,9999,9.999,99.99,-19
2023/1/8 6:00:00,6.4,2.8,-2.7,3.9,9999999,999.9,9999,9.999,99.99,-15
2023/1/8 7:00:00,6.9,4.2,-4.5,1.7,9999999,999.9,9999,9.999,99.99,-3
2023/1/8 8:00:00,7.2,1.7,-4.4,5.1,9999999,999.9,9999,9.999,99.99,6
2023/1/8 9:00:00,5,2.7,0.5,-3.4,9999999,999.9,9999,9.999,99.99,8
2023/1/8 10:00:00,5.9,3.1,0.8,-3.7,9999999,999.9,9999,9.999,99.99,7
2023/1/8 11:00:00,5.7,2.1,-3.7,-3.6,9999999,999.9,9999,9.999,99.99,-3
2023/1/8 12:00:00,6,2.6,-4.9,-2,9999999,999.9,9999,9.999,99.99,-6
2023/1/8 13:00:00,6,2.9,-3.1,-3.5,9999999,999.9,9999,9.999,99.99,-9
2023/1/8 14:00:00,5.8,4,-3.3,-1.2,9999999,999.9,9999,9.999,99.99,-8
2023/1/8 15:00:00,5.8,3.6,-3.9,-0.9,76889,5,392,0.046,1.52,-7
2023/1/8 16:00:00,5.7,3.1,-3.3,1.4,82132,5.1,394,0.041,1.54,-11
2023/1/8 17:00:00,5.8,1.9,-4.4,1.8,64513,5,400,9.999,1.6,-11
2023/1/8 18:00:00,999.9,999.9,999.9,999.9,9999999,999.9,9999,9.999,99.99,-8
2023/1/8 19:00:00,999.9,999.9,999.9,999.9,9999999,999.9,9999,9.999,99.99,-1
2023/1/8 20:00:00,999.9,999.9,999.9,999.9,9999999,999.9,9999,9.999,99.99,3
2023/1/8 21:00:00,999.9,999.9,999.9,999.9,9999999,999.9,9999,9.999,99.99,5
2023/1/8 22:00:00,999.9,999.9,999.9,999.9,9999999,999.9,9999,9.999,99.99,4
2023/1/8 23:00:00,999.9,999.9,999.9,999.9,9999999,999.9,9999,9.999,99.99,-1
2023/1/9 0:00:00,999.9,999.9,999.9,999.9,9999999,999.9,9999,9.999,99.99,-3
2023/1/9 1:00:00,999.9,999.9,999.9,999.9,9999999,999.9,9999,9.999,99.99,-3
2023/1/9 2:00:00,999.9,999.9,999.9,999.9,9999999,999.9,9999,9.999,99.99,-4
2023/1/9 3:00:00,999.9,999.9,999.9,999.9,9999999,999.9,9999,9.999,99.99,-3
2023/1/9 4:00:00,999.9,999.9,999.9,999.9,9999999,999.9,9999,9.999,99.99,3
2023/1/9 5:00:00,999.9,999.9,999.9,999.9,9999999,999.9,9999,9.999,99.99,5
2023/1/9 6:00:00,999.9,999.9,999.9,999.9,9999999,999.9,9999,9.999,99.99,4
2023/1/9 7:00:00,999.9,999.9,999.9,999.9,9999999,999.9,9999,9.999,99.99,4
2023/1/9 8:00:00,999.9,999.9,999.9,999.9,9999999,999.9,9999,9.999,99.99,3
2023/1/9 9:00:00,999.9,999.9,999.9,999.9,9999999,999.9,9999,9.999,99.99,4
2023/1/9 10:00:00,999.9,999.9,999.9,999.9,9999999,999.9,9999,9.999,99.99,7
2023/1/9 11:00:00,999.9,999.9,999.9,999.9,9999999,999.9,9999,9.999,99.99,9
2023/1/9 12:00:00,6.2,4.4,-3.5,-0.6,34740,4.8,347,0.051,1.16,8
2023/1/9 13:00:00,5.9,4.1,-2.6,-2.7,36814,4.8,345,0.049,1.14,4
2023/1/9 14:00:00,5.2,3,-3.4,-1.5,49135,5.9,351,0.05,1.46,2
2023/1/9 15:00:00,5.3,3.2,-3.4,-2.1,46296,5.9,347,0.049,1.42,2
2023/1/9 16:00:00,5.6,3.2,-1.9,-3.4,37429,5.5,346,0.049,1.32,-1
2023/1/9 17:00:00,5.8,2.3,-3.6,-2.5,34514,6,350,0.043,1.44,-2
2023/1/9 18:00:00,5.8,2.6,-4.1,-2.3,32416,5.9,346,0.043,1.38,-6
2023/1/9 19:00:00,6,5.2,-2.6,0.9,25165,5.5,328,0.057,1.21,-8
2023/1/9 20:00:00,6.1,4.5,-2.4,-0.9,33878,6.2,335,0.042,1.36,-5
2023/1/9 21:00:00,6.1,4.4,-3.7,0.1,28060,7.2,335,0.027,1.5,-2
2023/1/9 22:00:00,6.7,4.9,-3.4,1.3,24174,6.9,332,0.02,1.37,-1
2023/1/9 23:00:00,6.3,2.7,-2.8,1.8,21295,8.8,329,0.025,1.75,1
2023/1/10 0:00:00,5.5,3.3,-3.2,-0.6,51173,9.8,331,0.035,2.04,2
2023/1/10 1:00:00,6.6,3,-5.1,2.3,64168,9.4,341,0.037,2.1,1
2023/1/10 2:00:00,7,4.7,-4.5,0,65370,9.8,341,0.038,2.19,1
2023/1/10 3:00:00,7.5,2.8,-3.1,5.4,68163,10.1,359,0.037,2.5,4
2023/1/10 4:00:00,7.4,4.4,-4.9,2.2,81657,9.4,353,0.049,2.34,7
2023/1/10 5:00:00,7.1,3.6,-4.6,3.2,97480,9.8,355,0.052,2.49,9
2023/1/10 6:00:00,8.2,4.4,-5.8,3.1,88240,9.1,367,0.039,2.37,9
2023/1/10 7:00:00,8.5,4.9,-5.4,2.9,85253,9.1,363,0.041,2.33,10
2023/1/10 8:00:00,8.4,5.2,-5.1,2.2,98248,9.7,367,0.052,2.64,12
2023/1/10 9:00:00,8.1,3.9,-4.5,3.4,110359,10.3,373,0.056,2.93,12
2023/1/10 10:00:00,8.7,4.9,-6,2.7,107459,10.6,366,0.057,2.91,13
2023/1/10 11:00:00,7.6,5.2,-1.3,2.5,124674,10.2,361,0.071,2.85,10
2023/1/10 12:00:00,7.6,4.9,-3.4,2.7,124471,9.9,359,0.064,2.68,9
2023/1/10 13:00:00,7.4,5.5,-0.8,-2.5,125928,9.8,357,0.067,2.64,11
2023/1/10 14:00:00,6.9,2,0.8,-5.1,139520,10.2,371,0.05,2.81,12
2023/1/10 15:00:00,7,3.5,-5.2,-0.1,133516,10,365,0.057,2.73,3
2023/1/10 16:00:00,7.6,1.4,-1.5,-0.9,113488,9.9,373,0.047,2.73,-2
2023/1/10 17:00:00,8.1,-2.7,7.3,-1.8,79332,9.6,388,0.042,2.82,-4
2023/1/10 18:00:00,6.6,-1.7,5.4,-0.7,110397,10.6,379,0.04,2.95,-5
2023/1/10 19:00:00,7.4,4.2,0.3,3.1,122736,9.8,365,0.058,2.69,-4
2023/1/10 20:00:00,8.7,4.7,-6.9,1.4,116069,8.5,366,0.063,2.38,-2
2023/1/10 21:00:00,8.6,4.6,-6.7,0.7,119499,8.9,369,0.068,2.57,-3
2023/1/10 22:00:00,7.8,3.9,-5.6,-1.4,125759,8.6,372,0.073,2.57,-3
2023/1/10 23:00:00,8.2,3.3,-6.6,0.1,132585,8.6,375,0.057,2.48,-5
2023/1/11 0:00:00,7.5,1.2,-4,-2.3,149726,8.9,389,0.054,2.73,-5
2023/1/11 1:00:00,8.4,3.9,-6.7,2.1,139981,8,375,0.062,2.34,-8
2023/1/11 2:00:00,8,5.1,-3.9,3.5,140606,7.5,370,0.067,2.17,-6
2023/1/11 3:00:00,7.4,5.1,0.4,-0.2,166152,8.8,379,0.065,2.66,-3
2023/1/11 4:00:00,7.2,1.4,-1.9,-3.9,156990,9,396,0.05,2.83,-2
2023/1/11 5:00:00,7.8,2.8,-5.6,1.6,148898,8.7,387,0.054,2.65,-7
2023/1/11 6:00:00,7.7,4.5,-4.8,0.5,145602,8.2,375,0.07,2.46,-3
2023/1/11 7:00:00,8.5,4.5,-6,0.4,125822,8.4,377,0.053,2.42,-2
2023/1/11 8:00:00,8.7,3.3,-5.7,1.4,130885,8.5,386,0.054,2.57,3
2023/1/11 9:00:00,7.7,3.4,-5.3,-0.7,140555,8.3,387,0.051,2.5,8
2023/1/11 10:00:00,8,1.6,-4.2,-4.2,147331,8.5,397,0.044,2.63,4
2023/1/11 11:00:00,8.3,3.9,-6.1,-2.2,135648,8.1,389,0.046,2.42,-6
2023/1/11 12:00:00,8.8,2.9,-6.6,1.4,128223,7.9,390,0.036,2.3,-6
2023/1/11 13:00:00,8.6,3,-6.8,2.5,130145,8.3,392,0.035,2.43,-5
2023/1/11 14:00:00,8,5,-4.6,2.5,123464,7,372,0.046,1.92,-4
2023/1/11 15:00:00,7.7,3.3,-5.7,0.3,134029,7.2,383,0.042,2.06,1
2023/1/11 16:00:00,7.9,3.1,-3.9,-1.9,128560,7.6,391,0.039,2.24,3
2023/1/11 17:00:00,8.6,3.7,-5.9,-1.3,100017,7.3,395,0.036,2.18,2
2023/1/11 18:00:00,8.5,5.3,-5.3,-0.9,89420,7,387,0.041,2.04,-1
2023/1/11 19:00:00,7.8,5,-4.3,-0.3,112959,7.5,392,0.053,2.33,-3
2023/1/11 20:00:00,7.3,5.7,0.2,1,129899,7.8,390,0.053,2.4,-3
2023/1/11 21:00:00,7.3,4.7,-3.3,1.1,117741,7.6,394,0.05,2.36,-3
2023/1/11 22:00:00,7.7,4.4,-3.3,-3.4,118447,7.9,400,0.051,2.54,-3
2023/1/11 23:00:00,7.6,2.7,-3.6,2.2,116496,7.9,410,0.047,2.63,-9
2023/1/12 0:00:00,7.9,4.1,-3.3,2.1,107811,7.8,404,0.048,2.53,-7
2023/1/12 1:00:00,8.1,3.5,1,5.4,114139,8.3,413,0.044,2.78,0
2023/1/12 2:00:00,8.1,4.1,-1.7,3.5,125083,8.5,410,0.049,2.85,4
2023/1/12 3:00:00,8,5.8,-1.9,0.1,136935,8.2,406,0.061,2.81,4
2023/1/12 4:00:00,7.8,3.6,-1.5,3.3,137167,8.2,414,0.05,2.82,6
2023/1/12 5:00:00,8.4,6,-4.3,0.6,146642,7.9,398,0.047,2.48,5
2023/1/12 6:00:00,8.1,6.3,-2.8,-2.7,127479,7.4,394,0.045,2.26,3
2023/1/12 7:00:00,8.4,5.2,-3.9,-2.8,94533,7.7,408,0.051,2.58,2
2023/1/12 8:00:00,8,4,-6.2,1.2,92715,7.8,415,0.054,2.73,-1
2023/1/12 9:00:00,7.8,4.4,-5.3,-1.5,86942,7.3,414,0.053,2.53,3
2023/1/12 10:00:00,8.1,4.1,-5.9,0.6,88512,7.7,418,0.052,2.71,1
2023/1/12 11:00:00,7.9,6.1,-2.6,2.7,106365,8.3,410,0.056,2.85,0
2023/1/12 12:00:00,8.4,5.9,-0.2,4.3,110542,9.4,415,0.053,3.28,3
2023/1/12 13:00:00,8,3.9,0.1,3.1,112312,10,426,0.047,3.6,5
2023/1/12 14:00:00,8.2,5.6,-0.7,3.1,112199,10,419,0.049,3.51,4
2023/1/12 15:00:00,8,4.9,-2.9,2.6,100615,9,413,0.05,3.08,5
2023/1/12 16:00:00,8,4.5,-5.2,-0.3,98585,8.5,408,0.047,2.81,3
2023/1/12 17:00:00,8,5.5,-3.8,0.6,87586,7.8,396,0.043,2.39,0
2023/1/12 18:00:00,7.5,3.7,-5.9,0.7,91768,8.4,404,0.042,2.67,-2
2023/1/12 19:00:00,7.1,5,-3.9,-2.1,89880,7.8,391,0.045,2.35,-3
2023/1/12 20:00:00,6.9,5,-2.3,-0.5,84451,7.5,389,0.044,2.23,-5
2023/1/12 21:00:00,6.8,5,-2.6,-3.1,73791,6.9,384,0.043,1.99,-7
2023/1/12 22:00:00,6.5,4.6,-2.5,-3.1,78495,7.3,384,0.041,2.09,-10
2023/1/12 23:00:00,6.8,4.1,-3.3,-2.1,92720,8.4,391,0.037,2.46,-12
2023/1/13 0:00:00,6.7,4.1,-4.1,0.4,98209,9,394,0.039,2.7,-13
2023/1/13 1:00:00,6.6,4.6,-0.7,3.5,86220,8.6,391,0.038,2.53,-12
2023/1/13 2:00:00,6.5,5.6,-2.8,0.3,80266,7.6,373,0.034,2.01,-7
2023/1/13 3:00:00,7.1,5,-3.9,2.1,54923,7.4,370,0.029,1.89,-4
2023/1/13 4:00:00,8,3.5,-6.5,-1.8,36081,5.9,372,0.027,1.51,-2
2023/1/13 5:00:00,8.3,0.1,-5,-5.4,24879,5.7,384,0.022,1.53,-2
2023/1/13 6:00:00,8,-1.1,-4.8,-5.4,44570,4.4,396,0.014,1.22,-9
2023/1/13 7:00:00,6.9,0,-3.5,-3.1,71030,3.7,398,0.016,1.04,-11
2023/1/13 8:00:00,6.6,-3.4,-3.5,-4.2,80864,3.8,413,0.018,1.16,-10
2023/1/13 9:00:00,6.7,-2.5,-2.3,-5,60083,3.2,406,0.019,0.95,-16
2023/1/13 10:00:00,7.3,-2.4,-3.6,-5.2,42510,4.3,396,0.013,1.18,-23
2023/1/13 11:00:00,7.4,-2.9,-4,-4.9,31796,4.7,395,0.016,1.3,-24
2023/1/13 12:00:00,4.7,0.5,-1.8,-2,79984,4.7,373,0.024,1.2,-28
2023/1/13 13:00:00,4.7,2.7,-3.2,0.6,77594,4.9,362,0.031,1.21,-23
2023/1/13 14:00:00,5,1.2,1,3.2,81619,5.4,379,0.031,1.46,-15
2023/1/13 15:00:00,4.6,2.7,-1.8,-1.1,87476,6,370,0.027,1.52,-11
2023/1/13 16:00:00,4.2,1.6,-2.7,-2.3,82187,6,377,0.024,1.56,-9
2023/1/13 17:00:00,5.4,3.2,-3.2,-1.8,104372,6.2,374,0.034,1.65,-9
2023/1/13 18:00:00,8.1,3.2,-6.6,-2,95472,8.1,397,0.03,2.39,-9
2023/1/13 19:00:00,8.5,0,-5.5,-5.8,87692,9.9,423,0.03,3.31,-5
2023/1/13 20:00:00,9.9,3.7,-6.7,-3.4,72398,8.5,423,0.023,2.77,-21
2023/1/13 21:00:00,10,-1.8,-2.5,-8.9,145957,5.3,456,0.032,2.08,-27
2023/1/13 22:00:00,6.1,0.7,0.2,-3.8,338138,6.4,496,0.028,2.92,-34
2023/1/13 23:00:00,5.6,2,-3.3,-2.2,377914,5.9,480,0.029,2.53,-37
2023/1/14 0:00:00,6.9,2.7,0.2,0,379656,4.8,480,9.999,2.21,-38
2023/1/14 1:00:00,8.3,5.1,-4.5,-4.1,392900,4.4,490,0.03,1.98,-37
2023/1/14 2:00:00,7,3.4,-1.5,1.4,302821,3.4,509,0.035,1.68,-33
2023/1/14 3:00:00,7.2,2.3,-0.8,3.9,250054,2.9,515,0.029,1.43,-32
2023/1/14 4:00:00,7.7,4.2,-5.3,-0.3,224182,2.7,497,0.038,1.28,-30
2023/1/14 5:00:00,8,3.8,-3.6,3,240591,2.5,507,0.041,1.25,-30
2023/1/14 6:00:00,7.7,4.2,-1.3,3.6,273379,2.7,515,9.999,1.43,-22
2023/1/14 7:00:00,7.5,2.5,-2.5,3,375335,2.3,540,0.041,1.3,-19
2023/1/14 8:00:00,7.8,3.4,-0.8,5.6,343390,2.1,524,0.031,1.08,-20
2023/1/14 9:00:00,7.8,4.2,-2.8,4.5,260384,2.4,495,0.007,1.01,-22
2023/1/14 10:00:00,7.6,3.8,-1.1,6,199590,2.2,484,0.024,0.94,-22
2023/1/14 11:00:00,7.5,3.9,-4.1,4.3,175235,2.2,453,0.032,0.85,-25
2023/1/14 12:00:00,7.1,5,-0.7,4.6,147668,2.4,451,9.999,0.98,-23
2023/1/14 13:00:00,7.2,6.3,-0.9,2.9,123656,2,454,0.044,0.81,-22
2023/1/14 14:00:00,7.4,6.4,-1.4,2.9,111021,1.8,449,0.038,0.7,-20
2023/1/14 15:00:00,7.3,5.7,1.8,4.1,101179,2.4,447,0.03,0.9,-15
2023/1/14 16:00:00,7.8,6.9,0.6,3.3,78919,2.1,430,0.037,0.74,-18
2023/1/14 17:00:00,7.9,6.8,-3.1,1.9,57019,1.7,424,0.052,0.62,-20
2023/1/14 18:00:00,8.4,6.8,-4.7,-0.7,64542,1.8,425,0.108,0.78,-19
2023/1/14 19:00:00,8.7,5.6,-5.9,-2,73250,2.2,432,0.058,0.84,-20
2023/1/14 20:00:00,9.1,5.2,-6,-4.1,44780,2.8,425,0.041,0.98,-20
2023/1/14 21:00:00,8.8,3.1,-5.4,-5.7,54739,3.2,421,0.033,1.07,-22
2023/1/14 22:00:00,9.4,1.3,-6.6,-6.3,68625,3.9,434,0.027,1.36,-32
2023/1/14 23:00:00,10.5,5.9,-3.8,-6.6,59533,3.7,418,0.038,1.24,-42
2023/1/15 0:00:00,9.9,4,-5.6,-5.1,101803,4,438,0.056,1.57,-46
2023/1/15 1:00:00,9.5,-3,-7.5,-2,154803,6.1,471,0.028,2.51,-39
2023/1/15 2:00:00,9.9,-4.5,-7.1,-4.4,164260,6.2,486,0.025,2.69,-34
2023/1/15 3:00:00,10.2,-1.7,-7.7,-5.2,183046,5.8,470,0.027,2.37,-35
2023/1/15 4:00:00,9.2,-1.6,-6.4,-3.8,218568,6.4,477,0.022,2.65,-36
2023/1/15 5:00:00,9.3,-0.6,-6.8,-5,211485,6.5,464,0.026,2.58,-37
2023/1/15 6:00:00,9.8,-1.6,-7.7,-5,167499,6,476,0.02,2.45,-39
2023/1/15 7:00:00,10.3,0.2,-6.9,-6.6,156458,5.6,467,0.021,2.21,-29
2023/1/15 8:00:00,10.9,-1.5,-7.2,-7.1,129192,5.1,470,0.017,2.01,-40
2023/1/15 9:00:00,10.5,3.1,-5.3,-8.2,134369,3.8,444,0.023,1.37,-49
2023/1/15 10:00:00,10.4,5.2,-4.4,-7.4,105309,2.9,431,0.027,1,-39
2023/1/15 11:00:00,9.6,5,-4,-6.9,110781,3.5,437,0.022,1.21,-45
2023/1/15 12:00:00,9.5,4.4,-5.5,-6.2,128276,3.8,436,0.017,1.29,-51
2023/1/15 13:00:00,9.2,4.7,-5.5,-5.5,130032,3.9,422,0.02,1.25,-58
2023/1/15 14:00:00,8.9,5.5,-5.4,-4.3,125449,4.5,414,0.018,1.38,-50
2023/1/15 15:00:00,9.6,5.9,-5.9,-4.6,95870,4,419,0.019,1.26,-38
2023/1/15 16:00:00,9.9,5.2,-5.3,-6.4,76792,3.8,419,0.019,1.2,-42
2023/1/15 17:00:00,9.5,4.2,-4.5,-7.1,78021,4,415,0.018,1.23,-40
2023/1/15 18:00:00,8.9,4,-6.3,-4.8,79754,5.3,410,0.018,1.59,-32
2023/1/15 19:00:00,9.8,3.9,-7.4,-4.7,97968,4.8,431,0.015,1.58,-35
2023/1/15 20:00:00,10.5,2.1,-9.6,-3.7,86680,4.9,461,0.01,1.81,-38
2023/1/15 21:00:00,11.3,0.3,-10.5,-4,89503,5.8,477,0.015,2.34,-41
2023/1/15 22:00:00,11.7,0.3,-11,-3.8,90067,8,466,0.018,3.11,-42
2023/1/15 23:00:00,11.7,1.9,-8.6,-0.8,103547,10.7,462,0.021,4.13,-32
2023/1/16 0:00:00,6.4,-1.7,2.8,4,191783,20.1,487,0.015,8.44,-18
2023/1/16 1:00:00,6.9,-3.2,2.5,4,190649,16.5,505,0.015,7.45,-10
2023/1/16 2:00:00,4.3,-2.8,0.6,2.1,155307,15.6,515,0.011,7.21,-7
2023/1/16 3:00:00,4.7,-2.8,2.9,1.1,133996,13,521,0.012,6.18,-14
2023/1/16 4:00:00,4.4,-2,3.6,0.6,107720,12.5,518,0.017,5.98,-15
2023/1/16 5:00:00,4,-2.2,2.9,0.1,100095,12.8,514,0.017,6.03,-14
2023/1/16 6:00:00,3,-1.8,1,0.2,90311,14.9,514,0.02,7.1,-12
2023/1/16 7:00:00,2.8,-1,0.6,-0.9,84319,12.3,502,0.016,5.51,-17
2023/1/16 8:00:00,2.9,1.4,0.8,0.9,84834,10.6,487,0.019,4.52,-22
2023/1/16 9:00:00,4,3.6,-0.8,0.3,94327,9.4,475,0.023,3.87,-27
2023/1/16 10:00:00,4.9,1.9,-0.1,-0.5,118857,6.6,475,0.027,2.76,-29
2023/1/16 11:00:00,6.6,0,3.4,0.9,108356,4.6,462,0.028,1.82,-30
2023/1/16 12:00:00,6.9,-1,2.8,5.5,105065,6.1,467,0.018,2.38,-25
2023/1/16 13:00:00,4.2,-3.1,2.4,0.4,107467,9.3,471,0.013,3.62,-18
2023/1/16 14:00:00,2.9,-2.4,0.7,-1.2,68913,11.5,472,0.016,4.55,-15
2023/1/16 15:00:00,5.5,-4.2,1.9,-2.7,66556,8.5,467,0.012,3.24,-17
2023/1/16 16:00:00,4.1,-2.9,1.8,-2,67743,8.9,457,0.014,3.28,-13
2023/1/16 17:00:00,3.7,-2.3,2,-1.3,72525,7.7,449,0.013,2.73,-12
2023/1/16 18:00:00,2.7,-2.3,0.8,-0.2,107362,6.6,442,0.012,2.26,-14
2023/1/16 19:00:00,2.6,-1.5,0.7,0,119875,5.8,438,0.013,1.95,-13
2023/1/16 20:00:00,3.6,-0.7,-1.9,2.1,105306,5.2,437,0.016,1.76,-13
2023/1/16 21:00:00,3.7,-1.9,-1.1,1.4,102297,5.1,439,0.016,1.75,-16
2023/1/16 22:00:00,3.6,0.3,-2.1,1.6,81721,5.8,434,0.016,1.94,-16
2023/1/16 23:00:00,4.6,-4.1,0,1.8,61211,5,452,0.015,1.81,-14
2023/1/17 0:00:00,5.2,-4.2,1.6,2.4,50913,5.4,446,0.013,1.89,-14
2023/1/17 1:00:00,4.9,-3.6,2.7,1.4,66241,5.6,435,0.016,1.88,-12
2023/1/17 2:00:00,4.3,-1.3,3.6,0.9,84969,5.5,432,0.018,1.84,-11
2023/1/17 3:00:00,4.6,0.1,4.5,-0.1,90686,5.3,437,0.017,1.81,-10
2023/1/17 4:00:00,4.1,2.6,2.4,-1.1,57695,7.5,450,0.017,2.71,-8
2023/1/17 5:00:00,2.8,-1.9,1.2,0.5,61025,8.8,452,0.018,3.22,-4
2023/1/17 6:00:00,3.6,-2.8,1.5,1.4,68692,6.7,448,0.015,2.38,-6
2023/1/17 7:00:00,4.3,-4,1,1,68906,5.1,437,0.016,1.73,-5
2023/1/17 8:00:00,3.8,-3.7,0.3,0.4,71837,5.4,440,0.016,1.86,-3
2023/1/17 9:00:00,3.2,-2.8,0.5,0.9,55844,6.7,446,0.016,2.37,-1
2023/1/17 10:00:00,3.7,-3.6,0.2,0.7,58191,6.1,437,0.019,2.09,-6
2023/1/17 11:00:00,4.1,-3.8,1.6,0,64815,5.2,432,0.021,1.76,-10
2023/1/17 12:00:00,3.4,-2.7,1.3,-0.5,52568,5.3,420,0.014,1.65,-12
2023/1/17 13:00:00,2.8,1.1,0.7,1,75777,5.7,399,0.015,1.61,-12
2023/1/17 14:00:00,3.9,2.8,2.1,1.5,77002,5.1,383,0.017,1.33,-9
2023/1/17 15:00:00,3.5,0.6,2.8,1.4,64924,6.6,387,0.015,1.75,-6
2023/1/17 16:00:00,3.3,2.3,1.2,0.7,70679,6.1,369,0.021,1.5,-7
2023/1/17 17:00:00,4,3.9,-0.2,0,50943,3.7,349,0.029,0.84,-8
2023/1/17 18:00:00,4.1,3.8,0.9,1,50141,3.6,350,0.03,0.82,-6
2023/1/17 19:00:00,4.2,3.4,1.2,1.9,62811,5.2,356,0.024,1.21,-2
2023/1/17 20:00:00,4.6,4.3,0.5,1.1,57098,4.9,354,0.024,1.12,1
2023/1/17 21:00:00,4.3,3.9,1,1.2,71663,6.7,365,0.023,1.63,5
2023/1/17 22:00:00,7.4,0.8,3.1,-2.2,112844,17,422,0.022,5.5,18
2023/1/17 23:00:00,14.1,0.2,6.7,-9.6,61261,11.6,440,0.03,4.2,3
2023/1/18 0:00:00,14.9,-2.3,11.4,-8.9,48725,5.9,444,0.048,2.32,-19
2023/1/18 1:00:00,14.7,-3,11.5,-8.4,46727,5.2,437,0.04,1.92,-24
2023/1/18 2:00:00,14.5,-3.8,12,-6.5,47813,3.8,444,0.051,1.51,-32
2023/1/18 3:00:00,13.7,-0.8,11.1,-7.2,35521,5.9,442,0.03,2.16,-29
2023/1/18 4:00:00,12.6,-3.6,11.3,-4,50911,5.1,445,0.027,1.87,-30
2023/1/18 5:00:00,11,-3.2,10,-2.8,82436,7.4,432,0.031,2.59,-25
2023/1/18 6:00:00,8.8,-3.2,7.5,-2,107825,12,435,0.029,4.23,-20
2023/1/18 7:00:00,8.3,-5.6,5.6,-1.4,98636,12.5,425,0.027,4.18,-14
2023/1/18 8:00:00,7.9,-6.7,4,0.5,73914,12.7,418,0.026,4.09,-12
2023/1/18 9:00:00,8.9,-6.5,5.7,-0.6,96451,9,428,0.026,3.04,-12
2023/1/18 10:00:00,7.5,-5.1,4,-2,103186,8.6,426,0.028,2.9,-12
2023/1/18 11:00:00,7.8,-4.8,3.4,-4.3,84990,5.8,422,0.043,2.02,-14
2023/1/18 12:00:00,7.1,-3.5,3.6,-4.1,66721,10.8,422,0.025,3.53,-16
2023/1/18 13:00:00,6,-1.8,4.7,-2.1,83772,9.5,418,0.022,3.02,-18
2023/1/18 14:00:00,5,-1.4,-0.3,-2.1,125382,5.9,433,0.033,2.09,-18
2023/1/18 15:00:00,5.7,-2.1,2.3,-0.6,118629,5.4,420,0.031,1.79,-13
2023/1/18 16:00:00,6.4,-0.7,6.2,0.6,80586,6,416,0.037,1.99,-10
2023/1/18 17:00:00,6.2,-1.3,5.7,-0.4,73551,5.6,410,0.031,1.77,-12
2023/1/18 18:00:00,6.6,-4.1,4.6,1.9,92708,5,403,0.03,1.52,-14
2023/1/18 19:00:00,6.9,-5.7,3.1,2.1,82456,4.3,397,0.028,1.26,-15
2023/1/18 20:00:00,5.3,-3,2.2,-0.9,83537,5,398,0.018,1.42,-14
2023/1/18 21:00:00,5.5,-4.6,1.2,1.7,74769,4.9,394,0.017,1.36,-14
2023/1/18 22:00:00,6.2,-4.8,2.5,2,62720,4.9,399,0.02,1.41,-13
2023/1/18 23:00:00,6.4,-4.4,3.4,2.9,66380,3.9,387,0.021,1.06,-14
2023/1/19 0:00:00,6.3,-5,3,2.3,71319,3.6,376,0.027,0.94,-15
2023/1/19 1:00:00,6.4,-4.9,2,1.8,67000,3.6,383,0.03,0.99,-16
2023/1/19 2:00:00,6.6,-5.6,1.7,0.2,60044,3.7,382,0.029,1.01,-17
2023/1/19 3:00:00,7.2,-5.5,3.7,2.2,54881,3,380,0.031,0.81,-13
2023/1/19 4:00:00,7.1,-4.8,-2.3,-2,52943,3.6,389,0.028,1.01,-8
2023/1/19 5:00:00,7.6,-2,-4.7,-5.4,46830,4.3,423,0.018,1.38,-8
2023/1/19 6:00:00,8,-3.3,-2.5,-5.8,42976,3.8,418,0.021,1.2,-18
2023/1/19 7:00:00,8.4,-6.8,2.4,-2.9,39667,3.6,379,0.028,0.96,-22
2023/1/19 8:00:00,8.9,-6,-1.7,0.6,49278,4.2,399,0.025,1.23,-18
2023/1/19 9:00:00,9.8,-6,-5.4,-2.9,45686,4.3,403,0.024,1.28,-10
2023/1/19 10:00:00,9.6,-9.1,0.6,0.2,42177,4,370,0.031,1.03,-18
2023/1/19 11:00:00,8.9,-7.8,3,-2.1,33192,3.4,375,0.029,0.89,-21
2023/1/19 12:00:00,8.4,-6.8,2.8,-2.3,40813,3.3,368,0.028,0.83,-15
2023/1/19 13:00:00,8.1,-5.7,4.8,-2.2,32090,3.4,373,0.025,0.87,-11
2023/1/19 14:00:00,8.2,-7,4.2,0.1,33786,3.3,364,0.029,0.81,-8
2023/1/19 15:00:00,9.2,-7.8,2.6,3.5,32268,3.9,371,0.028,1,-7
2023/1/19 16:00:00,9.3,-8.2,0,3.9,26464,3.6,369,0.029,0.91,-8
2023/1/19 17:00:00,9.3,-6.2,5.9,-0.1,46433,3.2,374,0.029,0.83,-11
2023/1/19 18:00:00,9.6,-6.2,6.9,1.4,51412,1.6,384,0.029,0.44,-16
2023/1/19 19:00:00,9.3,-4.2,7.6,-2.6,36380,1.8,388,0.018,0.49,-16
2023/1/19 20:00:00,9.2,-4.1,7.6,-2.9,23550,1.6,371,0.016,0.39,-15
2023/1/19 21:00:00,8.9,-4.3,7.5,-2.2,23725,1.6,364,0.016,0.38,-10
2023/1/19 22:00:00,9.3,-4.8,7.6,-2.1,25620,1.7,362,0.017,0.4,-6
2023/1/19 23:00:00,9.7,-4.6,8.3,-2,33121,2.2,369,0.015,0.53,-8
2023/1/20 0:00:00,10.1,-4.6,8.2,-2.9,26720,2,380,0.013,0.51,-11
2023/1/20 1:00:00,10.1,-5.8,8,0.1,37892,2.1,383,0.016,0.55,-11
2023/1/20 2:00:00,10,-7.1,6.8,0.2,69439,1.2,415,0.027,0.38,-11
2023/1/20 3:00:00,9.6,-6,-1.5,6.8,71510,2.2,444,9.999,0.87,-7
2023/1/20 4:00:00,9.3,-6.7,0.1,6.4,65884,3.3,423,9.999,1.18,-2
2023/1/20 5:00:00,999.9,999.9,999.9,999.9,9999999,999.9,9999,9.999,99.99,-1
2023/1/20 6:00:00,8.9,-6.9,4,4,55206,3,399,0.022,0.87,0
2023/1/20 7:00:00,8.8,-7,4.8,2,46477,2.9,406,0.026,0.88,1
2023/1/20 8:00:00,8.8,-6.7,4.8,2.9,51056,3,399,0.028,0.89,1
2023/1/20 9:00:00,8.9,-4.5,7.3,-0.6,51526,3.3,396,0.041,1.01,1
2023/1/20 10:00:00,8.9,-5.9,6.2,-0.4,45315,3.1,382,0.04,0.88,-1
2023/1/20 11:00:00,8.7,-5.9,6.2,1,48715,3.4,379,0.048,0.97,-2
2023/1/20 12:00:00,8.7,-4.4,6.5,-1.1,54359,3.6,394,0.038,1.08,4
2023/1/20 13:00:00,9.1,-5.5,6.7,-1,47732,3.1,394,0.033,0.91,3
2023/1/20 14:00:00,9.1,-5.1,5,-5.4,49470,3,398,0.026,0.88,1
2023/1/20 15:00:00,8.9,-4.7,5.5,-2.2,35946,2.5,399,0.045,0.78,-5
2023/1/20 16:00:00,8.6,-5.4,6.4,1.2,26434,3.3,399,0.061,1.09,-11
2023/1/20 17:00:00,8.2,-4.8,5.9,2.6,16165,5,403,0.082,1.8,-7
2023/1/20 18:00:00,8.4,-4.6,6.8,-1.1,29471,4.2,402,0.064,1.42,-5
2023/1/20 19:00:00,8.3,-3,7.4,-0.4,53555,5.1,397,0.031,1.51,-3
2023/1/20 20:00:00,8.6,-4.9,6.6,-2.2,56553,4.5,389,0.028,1.26,-3
2023/1/20 21:00:00,8.6,-5.9,5.9,-1.9,59501,4.6,383,0.026,1.24,-3
2023/1/20 22:00:00,7.5,-5.3,4.4,-2.4,69474,6.5,388,0.029,1.82,0
2023/1/20 23:00:00,7.5,-5.6,3.3,-1.2,100357,7.2,399,0.027,2.12,-1
2023/1/21 0:00:00,7.1,-3.7,-2.7,-2.9,125451,7.5,421,0.032,2.5,4
2023/1/21 1:00:00,5.8,-1,-3.4,3.5,197513,8.8,441,0.029,3.19,-1
2023/1/21 2:00:00,7.2,0.9,4.8,1.5,182210,7.7,448,0.047,3.07,0
2023/1/21 3:00:00,8.9,-0.5,6.5,-0.8,157735,7.6,450,0.044,3.02,1
2023/1/21 4:00:00,7.8,1.8,-0.9,-6.5,205865,9.4,466,0.026,3.76,-2
2023/1/21 5:00:00,6.6,-0.8,0.9,-5.4,255959,8.9,461,0.033,3.58,-18
2023/1/21 6:00:00,8.1,-1.1,3.2,1.2,229139,6.5,461,0.03,2.58,-27
2023/1/21 7:00:00,9,-1.6,6.7,4.3,252991,6.5,466,0.025,2.59,-18
2023/1/21 8:00:00,8.4,1.4,4.8,-4.7,302429,6.7,489,0.02,2.89,-11
2023/1/21 9:00:00,8.4,0.3,6.2,1.9,423847,5,485,0.026,2.17,-20
2023/1/21 10:00:00,8.2,-0.2,4.4,5.3,477984,4,489,0.036,1.83,-22
2023/1/21 11:00:00,7.2,2.6,3.7,1.1,513824,4.2,499,0.029,1.95,-19
2023/1/21 12:00:00,6.8,2,3.6,-0.5,449542,3.6,473,0.037,1.54,-12
2023/1/21 13:00:00,6.6,3,2,-4.2,413640,3.9,496,0.032,1.81,-7
2023/1/21 14:00:00,6.1,1,2.7,-0.3,374771,3.8,486,0.031,1.68,-7
2023/1/21 15:00:00,5.9,1.4,2.7,-3,276470,4,456,0.031,1.56,-6
2023/1/21 16:00:00,6,2.7,3.7,-2.6,256440,3.6,503,9.999,1.82,-13
2023/1/21 17:00:00,6.6,4.6,0.9,-4.4,9999999,999.9,9999,9.999,99.99,-14
2023/1/21 18:00:00,5.1,0.2,4.6,1.4,9999999,3.4,455,0.053,1.42,-16
2023/1/21 19:00:00,5.1,-1.2,1.7,-3.2,234237,3.6,453,0.049,1.48,-12
2023/1/21 20:00:00,4.3,-2.1,-1.1,-1.5,243073,3.7,444,0.036,1.39,-11
2023/1/21 21:00:00,5.3,-3.1,3.2,1.4,193915,3.5,435,0.038,1.27,-10
2023/1/21 22:00:00,5.2,-2.7,3.1,-0.8,191244,3.5,434,0.038,1.27,-3
2023/1/21 23:00:00,4.6,-0.3,3.3,0.1,177348,3.3,441,0.031,1.2,-2
2023/1/22 0:00:00,3.6,1.8,0.7,-1,167680,3.9,445,0.026,1.42,0
2023/1/22 1:00:00,3.8,-0.9,2.5,-0.2,153666,4.1,428,0.026,1.38,1
2023/1/22 2:00:00,4.3,-2.6,2.9,0.3,146975,3.5,415,0.029,1.12,-2
2023/1/22 3:00:00,4.4,-3,1.7,-1.6,79025,3.1,388,0.029,0.87,-4
2023/1/22 4:00:00,4.7,-1.5,3.9,-0.9,104650,3.5,409,0.027,1.08,-5
2023/1/22 5:00:00,5.6,-2.8,1.9,-2.8,79341,3.4,400,0.025,1,-7
2023/1/22 6:00:00,5.8,-2.3,3.6,-1.7,86555,3.5,412,0.026,1.1,-8
2023/1/22 7:00:00,6.3,-1.5,5.1,1.9,82538,4.1,412,0.023,1.27,-6
2023/1/22 8:00:00,6.3,0.5,5.4,-2.8,90588,3.9,421,0.027,1.28,-5
2023/1/22 9:00:00,6,-2.9,3.7,-0.7,67739,3.6,393,0.026,1.03,-11
2023/1/22 10:00:00,5.9,-1.1,3.6,0.7,86816,3.7,414,0.029,1.18,-12
2023/1/22 11:00:00,6.6,0.3,5.1,-2.5,65170,3.4,432,0.026,1.17,-12
2023/1/22 12:00:00,6.6,-1.4,5.8,0.1,76880,3.3,415,0.032,1.07,-16
2023/1/22 13:00:00,6.5,-2.1,3.4,-0.6,75405,3.3,408,0.034,1.04,-12
2023/1/22 14:00:00,6.3,-0.8,2.6,-5.4,98200,3.6,421,0.033,1.21,-8
2023/1/22 15:00:00,6,-2.7,3.7,0.1,115869,3.7,407,0.038,1.18,-8
2023/1/22 16:00:00,6.6,-2.3,2.4,-3.7,126130,4.2,418,0.038,1.41,-7
2023/1/22 17:00:00,6.9,-2.5,2.8,-5.3,122340,3.9,422,0.04,1.35,-9
2023/1/22 18:00:00,6.7,-3.8,3.5,-1.1,102612,3.4,399,0.04,1.05,-14
2023/1/22 19:00:00,6.6,0.9,2.3,-5.3,103321,3.7,443,0.032,1.37,-10
2023/1/22 20:00:00,6.6,-2.1,4.9,-2,113243,3.3,427,0.034,1.14,-8
2023/1/22 21:00:00,6.7,-2.5,5.6,2,120834,2.8,423,0.033,0.95,-12
2023/1/22 22:00:00,6.5,-3.1,4.9,2.1,131953,2.8,417,0.038,0.94,-10
2023/1/22 23:00:00,6.1,-5.5,2,0.5,104234,2.1,381,0.042,0.59,-12
2023/1/23 0:00:00,5.9,-3.6,3.5,-0.1,119146,2.5,407,0.037,0.79,-13
2023/1/23 1:00:00,6.3,-3.7,3.1,2.9,95116,2.6,405,0.029,0.79,-13
2023/1/23 2:00:00,6.5,-2,2.3,5.5,87450,2.7,424,0.026,0.89,-10
2023/1/23 3:00:00,7.1,-1.6,1.5,6.1,106207,3.2,438,0.027,1.14,-3
2023/1/23 4:00:00,10.4,-0.4,6.2,5.5,206634,5.1,490,0.034,2.32,7
2023/1/23 5:00:00,10.9,-0.7,4.3,7.4,197475,4.7,487,0.027,2.06,6
2023/1/23 6:00:00,10.4,3.7,3,6.7,241314,4.1,516,0.024,2,6
2023/1/23 7:00:00,10.1,3.1,-0.6,9.1,202693,3.7,512,0.026,1.79,5
2023/1/23 8:00:00,8.8,-0.6,1.3,3.3,210392,3.7,484,0.018,1.55,3
2023/1/23 9:00:00,9.1,3.3,-1.8,7.7,156753,3.1,509,0.009,1.39,-2
2023/1/23 10:00:00,8.8,3.9,-2.3,7.2,189451,2.8,511,0.008,1.26,-1
2023/1/23 11:00:00,8.2,-1.3,2.5,4.9,270782,3,454,0.025,1.14,-2
2023/1/23 12:00:00,6.9,-1.1,4.2,-0.9,302150,2.9,452,0.069,1.26,-6
2023/1/23 13:00:00,7.9,-0.1,3.1,-7,283945,2.2,464,0.031,0.89,-6
2023/1/23 14:00:00,7.8,-1.6,-1.3,-6.5,265142,2.3,437,0.022,0.8,-7
2023/1/23 15:00:00,7.1,-2.7,1.6,-5.1,305475,2.3,412,0.038,0.75,-15
2023/1/23 16:00:00,7.2,-4.6,4.5,-2.3,130188,1.5,392,0.041,0.45,-24
2023/1/23 17:00:00,6.8,-4.3,4.1,-3.1,114613,1.3,389,0.044,0.39,-27
2023/1/23 18:00:00,6.1,-4.3,2.2,-3.4,119817,1.4,379,0.07,0.43,-24
2023/1/23 19:00:00,6.1,-3.7,2.2,-3.9,97413,2.2,414,0.016,0.67,-21
2023/1/23 20:00:00,6.1,-2.7,1,-4.4,85775,2.1,435,9.999,0.79,-23
2023/1/23 21:00:00,6,-2.9,4.1,-3,82975,1.6,425,0.028,0.54,-24
2023/1/23 22:00:00,5.2,-3.4,2.1,-2.8,165984,2.3,430,0.027,0.79,-15
2023/1/23 23:00:00,4.5,-2.6,1.5,2,146971,2.8,433,0.043,1.03,-15
2023/1/24 0:00:00,5.1,-1.2,0.6,3.6,130720,3.1,446,0.037,1.18,-12
2023/1/24 1:00:00,4.8,-2.5,-0.1,3.4,127271,2.9,431,0.04,1.04,-9
2023/1/24 2:00:00,4.8,-1.6,1.5,3.2,116695,2.9,437,0.041,1.08,-6
2023/1/24 3:00:00,4.6,-3.3,1.4,1.8,104343,2.8,419,0.045,0.97,-7
2023/1/24 4:00:00,4.9,-3.8,1.1,1.4,102136,2.7,421,0.041,0.93,-6
2023/1/24 5:00:00,5,-3.9,1.4,-1.2,91506,2.6,415,0.041,0.87,-3
2023/1/24 6:00:00,5.1,-3.2,0.1,-1.8,86727,2.6,423,0.041,0.9,-4
2023/1/24 7:00:00,5,-3.9,1.4,1.7,85391,2.7,414,0.043,0.91,-4
2023/1/24 8:00:00,5.3,-5.2,0.6,0.3,94546,2.8,410,0.037,0.9,-5
2023/1/24 9:00:00,5.2,-4.8,-1.2,-0.1,73410,2.5,401,0.042,0.78,-6
2023/1/24 10:00:00,5.4,-4.3,1.1,-1.6,73778,2.7,409,0.042,0.88,-8
2023/1/24 11:00:00,5.3,-4.4,1.6,0,72024,2.8,405,0.04,0.89,-9
2023/1/24 12:00:00,5.4,-4.9,-1.7,-1.1,61729,3,402,0.036,0.93,-8
2023/1/24 13:00:00,5.2,-4.5,-1.4,-1.8,54547,3.1,402,0.034,0.95,-9
2023/1/24 14:00:00,5.3,-4.4,-2.1,-1.2,48885,2.9,400,0.034,0.88,-7
2023/1/24 15:00:00,5.4,-5.1,-0.8,-1.2,44142,2.9,393,0.035,0.85,-4
2023/1/24 16:00:00,5.4,-4.4,-2.5,0.8,49196,2.5,394,0.037,0.74,-5
2023/1/24 17:00:00,5.4,-3.9,1,-0.6,47201,2.3,398,0.037,0.7,-4
2023/1/24 18:00:00,5.2,-3.5,2.2,1.7,61124,2.4,405,0.039,0.76,-3
2023/1/24 19:00:00,5.5,-1.3,3.8,3,51388,2.7,429,0.03,0.93,-2
2023/1/24 20:00:00,5.7,-2.8,4.2,1.4,57849,2.4,413,0.034,0.78,0
2023/1/24 21:00:00,5.9,-1.2,5.4,1.5,54239,3,428,0.03,1.03,3
2023/1/24 22:00:00,5.7,-2.9,4.7,0,45689,2.8,409,0.028,0.87,2
2023/1/24 23:00:00,6.2,-4.4,-0.7,0.9,53915,2.6,400,0.032,0.78,0
2023/1/25 0:00:00,6.6,-5.3,-1.2,3.3,46003,2.5,390,0.037,0.73,-1
2023/1/25 1:00:00,6.6,-4.9,0.9,2.3,54005,2.8,397,0.029,0.82,-1
2023/1/25 2:00:00,7.1,-2.8,5.9,-0.6,63061,2.4,426,0.021,0.79,-3
2023/1/25 3:00:00,7.3,-2.9,6.6,0.5,62885,2.2,424,0.019,0.71,-3
2023/1/25 4:00:00,7.2,-3,5.4,2.3,78610,2.4,419,0.023,0.77,-1
2023/1/25 5:00:00,7.1,-3.1,5.8,0.9,76271,2.4,418,0.021,0.76,2
2023/1/25 6:00:00,6.8,-3,5.8,1.2,77302,2.5,416,0.024,0.79,3
2023/1/25 7:00:00,6.7,-3.7,4.6,-0.2,78488,2.4,406,0.027,0.73,4
2023/1/25 8:00:00,7,-4.9,3,0.8,83020,2.2,398,0.034,0.66,4
2023/1/25 9:00:00,7,-3.5,3.6,-2.4,92238,2.7,415,0.029,0.87,2
2023/1/25 10:00:00,6.8,-3.8,0.4,-3.4,98442,2.7,412,0.03,0.86,1
2023/1/25 11:00:00,6.8,-2.9,2.1,1.8,115684,3,431,0.028,1.03,-7
2023/1/25 12:00:00,7.1,-4.2,2,0,74455,2.6,408,0.033,0.82,-6
2023/1/25 13:00:00,7.5,-4.3,1.2,-5,64203,2.7,414,0.028,0.86,-8
2023/1/25 14:00:00,7.8,-5.1,0.1,-5.5,68771,2.9,403,0.027,0.87,-15
2023/1/25 15:00:00,7.7,-5.3,3.6,-3.4,71455,2.8,398,0.029,0.83,-17
2023/1/25 16:00:00,7.7,-6.5,2.9,-1.6,55426,2.4,376,0.035,0.65,-21
2023/1/25 17:00:00,7.6,-5.3,3.6,2.1,75033,2.8,391,0.032,0.81,-13
2023/1/25 18:00:00,7.8,0,4,5.8,70433,4.1,430,0.029,1.41,-3
2023/1/25 19:00:00,7.9,-1.5,2.5,4.3,75429,4.2,427,0.026,1.41,-1
2023/1/25 20:00:00,7.3,-5.6,3.1,-2.8,61993,6,411,0.029,1.89,3
2023/1/25 21:00:00,7.1,-5.3,3.3,0.9,66687,5.8,412,0.035,1.87,2
2023/1/25 22:00:00,7.1,-3.8,5,-1.8,70092,6.2,420,0.032,2.06,2
2023/1/25 23:00:00,7.3,-4.3,4.3,-2.1,72241,6.6,424,0.033,2.24,-3
2023/1/26 0:00:00,7.2,-4.8,4.5,0.7,86023,6.6,420,0.044,2.29,-5
2023/1/26 1:00:00,7.4,-3.7,4.2,2.6,99290,7.4,427,0.05,2.7,0
2023/1/26 2:00:00,7.3,-4.4,4.3,-1.9,97750,7.3,422,0.049,2.6,2
2023/1/26 3:00:00,8.6,-5.9,4.6,-2.9,88611,7.2,426,0.046,2.58,1
2023/1/26 4:00:00,8.1,-3.9,5.4,-0.8,117236,9.7,443,0.051,3.83,3
2023/1/26 5:00:00,7.3,-2.1,3.3,1,135572,10.4,449,0.05,4.2,7
2023/1/26 6:00:00,8.9,-6.8,3.7,-3,145051,7.8,464,0.055,3.42,6
2023/1/26 7:00:00,8.7,-7.2,3.4,-2.5,154842,7.9,462,0.064,3.54,5
2023/1/26 8:00:00,7.2,-2.6,4,-1.3,170069,8.4,479,0.051,3.88,1
2023/1/26 9:00:00,9,-4.3,5.8,-4.4,136335,8.1,471,0.054,3.65,-3
2023/1/26 10:00:00,8.7,-5.4,5.6,-1.3,145549,8.8,468,0.056,3.94,-11
2023/1/26 11:00:00,8.1,-4.8,3.1,3.7,154381,9.1,465,0.059,4.06,-12
2023/1/26 12:00:00,8.5,-5.5,5.7,-0.7,155120,8.1,470,0.055,3.65,-4
2023/1/26 13:00:00,7.7,-5.9,4.5,-0.7,197843,6.6,497,0.078,3.57,-3
2023/1/26 14:00:00,7.7,-4.3,5.5,-0.1,193755,6.2,507,0.068,3.39,-1
2023/1/26 15:00:00,7.5,-4.5,3.6,0.9,181528,5.4,505,0.064,2.89,3
2023/1/26 16:00:00,8.8,-6,4.3,2.9,151153,4.2,487,0.059,2.06,1
2023/1/26 17:00:00,9,-7,3.6,-3.7,151162,4.3,481,0.052,2.01,0
2023/1/26 18:00:00,9.4,-3.4,3.1,4.6,134154,4.8,509,0.04,2.41,-4
2023/1/26 19:00:00,7.8,2.6,-2,5.8,193350,6,551,0.026,3.36,-1
2023/1/26 20:00:00,7.9,-1.5,-2.6,6.8,186438,5.4,542,0.024,2.9,0
2023/1/26 21:00:00,8.4,-3.4,3.6,6.2,224856,5,532,0.025,2.6,0
2023/1/26 22:00:00,8.1,-3,2.7,4.6,279922,3.6,547,0.026,1.99,-3
2023/1/26 23:00:00,7.6,-4.1,5,2.6,301623,2.5,536,0.034,1.36,-8
2023/1/27 0:00:00,7.2,-3,5.4,-0.5,308613,2.3,534,0.03,1.23,-9
2023/1/27 1:00:00,7.1,-4,4.9,0,251937,2.1,529,0.027,1.09,-10
2023/1/27 2:00:00,7.5,-4,2.5,3.9,184163,2.1,530,0.031,1.11,-8
2023/1/27 3:00:00,7.3,-2.4,1.8,5.5,199044,2.6,558,0.023,1.48,-6
2023/1/27 4:00:00,7.8,-2.9,-1.9,6.5,172195,2.8,561,0.023,1.61,0
2023/1/27 5:00:00,8.4,-5.1,2.8,5.5,186950,2.9,546,0.031,1.62,3
2023/1/27 6:00:00,8.8,-7,4.8,1.6,146229,2.5,522,9.999,1.36,1
2023/1/27 7:00:00,8.2,-7.1,3.5,-1.6,144632,2.4,514,9.999,1.27,1
2023/1/27 8:00:00,8.6,-6.4,5.1,-1.9,152468,2.5,525,0.025,1.27,0
2023/1/27 9:00:00,8.5,-7.4,0.6,-3.9,136351,2.3,514,0.031,1.14,-6
2023/1/27 10:00:00,7,-5.2,0.1,-2.5,148150,1.9,524,0.025,0.96,-16
2023/1/27 11:00:00,6.1,-4.4,3.9,0.3,218284,2,560,9.999,1.25,-19
2023/1/27 12:00:00,5.5,-3.1,3.7,-0.1,206880,2.1,574,9.999,1.38,-10
2023/1/27 13:00:00,4.8,-3.4,0.5,-1.2,264755,1.8,554,9.999,1.1,-5
2023/1/27 14:00:00,4.9,-3.9,1.7,-0.7,229522,1.9,553,9.999,1.16,-8
2023/1/27 15:00:00,4.7,-2.6,2.8,-1,241086,2.3,562,9.999,1.45,-5
2023/1/27 16:00:00,4.6,-3.8,0.9,-2.1,197201,1.7,537,9.999,0.98,-4
2023/1/27 17:00:00,4.6,-3.9,1.3,1,169317,1.9,538,9.999,1.1,-1
2023/1/27 18:00:00,5.2,-4.8,0.5,0.8,178849,2.1,531,9.999,1.18,1
2023/1/27 19:00:00,6,-5.8,-0.2,0.5,193197,3.1,536,0.016,1.58,4
2023/1/27 20:00:00,5.8,-5.7,0.3,0.4,172350,2.3,518,9.999,1.23,3
2023/1/27 21:00:00,5.7,-5.4,1.4,0.4,166936,2.8,521,9.999,1.52,0
2023/1/27 22:00:00,5.5,-3,2.4,-1.7,169082,2.7,526,0.022,1.36,3
2023/1/27 23:00:00,6,-0.5,1.1,-3,113357,2.7,533,0.018,1.37,-3
2023/1/28 0:00:00,6.7,-1.3,3.5,-4.9,68991,2.5,511,0.016,1.16,-14
2023/1/28 1:00:00,6.5,-2.6,3.1,-4.8,65282,2.3,499,0.017,1.02,-21
2023/1/28 2:00:00,6.3,-2.9,4.6,-1.4,94168,2.6,510,0.029,1.26,-22
2023/1/28 3:00:00,6.1,-4.2,3.6,1.7,116690,3.2,510,0.038,1.6,-15
2023/1/28 4:00:00,5.5,-3.8,2.9,0.1,143646,3.2,519,0.045,1.7,-8
2023/1/28 5:00:00,5.6,-3,3.2,-1.4,125249,3.6,534,0.029,1.91,-10
2023/1/28 6:00:00,5.8,-4.1,2.5,0.8,122728,3.5,530,0.03,1.84,-11
2023/1/28 7:00:00,5.8,-3.4,0.8,0,114088,3.3,543,0.031,1.83,-8
2023/1/28 8:00:00,6.5,-2.7,5.6,0.8,98101,3.5,532,0.023,1.81,-6
2023/1/28 9:00:00,6.2,-2,5.6,0.8,105658,3.3,536,0.026,1.75,-5
2023/1/28 10:00:00,6.2,-1.8,5.5,1,105613,3.2,532,0.028,1.68,-6
2023/1/28 11:00:00,5.9,-2.7,4.5,0.6,113990,3.1,528,0.033,1.63,-6
2023/1/28 12:00:00,5.3,-2.2,3.2,-0.4,148191,3.6,544,0.04,2.06,-4
2023/1/28 13:00:00,4.7,-1,2.1,1.4,149980,3.7,552,0.038,2.17,1
2023/1/28 14:00:00,4.8,-1.8,0.8,1.3,142999,3.8,528,0.032,2,5
2023/1/28 15:00:00,4.9,-1.8,2.6,-1,126298,3.5,519,0.032,1.78,7
2023/1/28 16:00:00,4.7,-0.4,3.9,-1.4,154845,3.3,541,0.039,1.86,4
2023/1/28 17:00:00,4.8,-4,1.9,-0.1,143548,3.1,504,0.039,1.52,2
2023/1/28 18:00:00,5.1,-3.8,0.7,-1.9,147352,3.5,508,0.036,1.73,2
2023/1/28 19:00:00,4.5,-0.8,3.2,0.3,157605,3.6,527,0.041,1.94,1
2023/1/28 20:00:00,4.6,-2.2,2.8,0.2,145651,3.4,517,0.042,1.77,4
2023/1/28 21:00:00,4.7,-3.1,1.9,-2.3,131533,3.3,502,0.047,1.65,3
2023/1/28 22:00:00,4.5,0.2,3.9,0.4,133689,3.6,516,0.039,1.85,1
2023/1/28 23:00:00,4.4,0.6,3.5,0.9,122647,3.4,507,0.04,1.69,-1
2023/1/29 0:00:00,4,0,2.8,1.5,111089,3.7,499,0.043,1.8,-2
2023/1/29 1:00:00,3.6,-1.8,1.6,1.8,101427,4.3,481,0.049,1.99,-1
2023/1/29 2:00:00,3.7,-1.5,1,0.2,95754,4.2,481,0.046,1.92,-1
2023/1/29 3:00:00,3.9,2.4,1.6,1.5,88243,4.4,489,0.041,2.05,2
2023/1/29 4:00:00,3.1,-0.4,2.6,0.3,93715,4.5,474,0.041,1.97,3
2023/1/29 5:00:00,3.8,-2.2,2.4,-1.5,83756,4.5,470,0.036,1.9,2
2023/1/29 6:00:00,2.6,-0.7,1.5,0.2,95398,5.1,480,0.04,2.28,4
2023/1/29 7:00:00,2.8,-0.6,1.4,0.1,93072,5.2,479,0.04,2.31,4
2023/1/29 8:00:00,3.1,1,1.4,1.3,74421,4.9,484,0.044,2.25,3
2023/1/29 9:00:00,3.9,2.6,1.3,1.8,67216,4.6,487,0.045,2.15,5
2023/1/29 10:00:00,4.7,3.8,1.6,2,66465,3.8,491,0.041,1.78,3
2023/1/29 11:00:00,4.5,3.1,2.1,1.7,68334,4.2,487,0.04,1.93,3
2023/1/29 12:00:00,4.2,2.2,3.1,0.7,79557,4.7,480,0.037,2.08,4
2023/1/29 13:00:00,4.1,-1.9,1.2,-2.2,92993,4.6,464,0.042,1.93,5
2023/1/29 14:00:00,3.8,-2.5,2,-1.6,103545,4.5,461,0.045,1.88,1
2023/1/29 15:00:00,4.2,-1.5,2.6,-1,91394,4,454,0.046,1.63,-4
2023/1/29 16:00:00,3.6,0.9,2.5,0.5,91246,4.3,466,0.04,1.81,-1
2023/1/29 17:00:00,3.2,-2.4,-1.3,0.6,98123,4.4,461,0.036,1.79,3
2023/1/29 18:00:00,3.8,-3.5,-1.1,-0.1,86953,4.2,461,0.033,1.69,5
2023/1/29 19:00:00,3.8,-3.6,-0.8,0.4,91958,3.9,463,0.039,1.61,4
2023/1/29 20:00:00,4.1,-3.9,0.6,0.2,80932,3.6,453,0.036,1.41,4
2023/1/29 21:00:00,3.9,-3.8,-0.1,-0.9,77983,3.7,454,0.036,1.46,5
2023/1/29 22:00:00,2.4,-1.6,0.9,-0.3,104730,4.1,465,0.033,1.68,8
2023/1/29 23:00:00,2.6,-1.8,1.6,-0.2,98219,4,460,0.032,1.59,7
2023/1/30 0:00:00,3.2,-0.3,0.9,0,67340,4.1,450,0.027,1.54,8
2023/1/30 1:00:00,3.5,3.2,0.3,0.9,46489,4.1,437,0.03,1.46,9
2023/1/30 2:00:00,3.4,3.4,0.1,-0.2,48485,4.6,428,0.031,1.58,9
2023/1/30 3:00:00,3.4,3.4,-0.4,-0.2,44804,4.2,422,0.033,1.41,7
2023/1/30 4:00:00,3.3,3.2,-0.4,-0.3,41583,4.4,419,0.032,1.46,6
2023/1/30 5:00:00,3.8,3.7,-0.6,-0.1,34072,4.4,421,0.029,1.45,7
2023/1/30 6:00:00,3.4,3.4,-0.5,-0.1,31076,4.2,414,0.029,1.34,6
2023/1/30 7:00:00,3.5,3.4,-0.3,-0.5,30707,4.5,410,0.031,1.42,6
2023/1/30 8:00:00,3.3,2.8,0.7,-1.3,34702,5,402,0.036,1.54,8
2023/1/30 9:00:00,4.3,3.9,-0.6,-1.1,36663,5.9,402,0.043,1.87,7
2023/1/30 10:00:00,4.6,4.2,0.8,0.8,35057,6.3,401,0.042,1.98,6
2023/1/30 11:00:00,4.6,3.8,2.3,-0.5,27516,6.6,393,0.031,1.91,8
2023/1/30 12:00:00,4.4,3.7,2.2,0.3,29746,7.4,392,0.029,2.12,8
2023/1/30 13:00:00,5,4.6,1.5,0.9,25043,7.8,394,0.025,2.22,12
2023/1/30 14:00:00,5.4,4.8,0.6,2.4,28220,9.1,395,0.033,2.68,18
2023/1/30 15:00:00,5.7,4.7,-0.2,3,33056,9.5,395,0.029,2.76,23
2023/1/30 16:00:00,5.8,3.9,1.2,3.8,39888,13.2,398,0.032,3.94,24
2023/1/30 17:00:00,6.2,0.9,2.9,4.8,43501,13.6,397,0.036,4.1,21
2023/1/30 18:00:00,6.8,-3.4,3.6,3.7,54327,15.2,386,0.027,4.19,23
2023/1/30 19:00:00,6.8,-3.9,5,-1.2,53354,16.2,381,0.032,4.43,25
2023/1/30 20:00:00,5.5,-4.3,1.4,-2.2,47187,14.6,377,0.032,3.91,18
2023/1/30 21:00:00,6.1,1.3,-2,-0.3,82332,9.6,414,0.041,3.2,7
2023/1/30 22:00:00,5.5,3,2.3,2.7,147312,5.6,475,0.045,2.49,1
2023/1/30 23:00:00,6.4,5.4,0.9,2.8,84256,4.7,469,0.051,2.08,0
2023/1/31 0:00:00,8,7.2,-1,3.3,59909,4.5,455,0.037,1.79,-1
2023/1/31 1:00:00,8.6,7.4,-2.9,3.1,63137,4.7,450,0.045,1.88,1
2023/1/31 2:00:00,8,7.3,-1.8,2.3,69591,5.3,454,0.056,2.23,4
2023/1/31 3:00:00,5.9,2.9,-2.5,0.4,131538,6.7,465,0.074,3.14,7
2023/1/31 4:00:00,3.7,0.6,-2.7,-1.1,150126,8.2,457,0.074,3.71,3
2023/1/31 5:00:00,6.6,3.8,-4.4,-2.8,106355,5.8,464,0.079,2.74,-3
2023/1/31 6:00:00,5.9,3.9,-2.3,-3.2,89034,5.9,450,0.063,2.5,-6
2023/1/31 7:00:00,5,3.2,-2.7,-2.1,98675,6.4,462,0.061,2.84,-9
2023/1/31 8:00:00,7,4.9,-3,-2.1,134911,3.9,484,0.069,1.95,-11
2023/1/31 9:00:00,7.1,5.8,-3.7,0,110197,4.1,478,0.049,1.87,-13
2023/1/31 10:00:00,7.8,6.4,-2.5,3,76010,3.7,465,0.02,1.44,-9
2023/1/31 11:00:00,7,6.1,0.1,3.1,102084,5.2,482,0.023,2.2,0
2023/1/31 12:00:00,6.6,5.8,-1.5,2,108845,5.6,482,0.025,2.39,3
2023/1/31 13:00:00,6.4,4,-4.2,0.7,144222,4.1,480,0.053,1.91,4
2023/1/31 14:00:00,6.5,1.7,-5.9,-0.2,163797,4,476,0.06,1.88,0
2023/1/31 15:00:00,6.6,3.5,-4.1,-2.6,126253,4,453,0.041,1.6,-5
2023/1/31 16:00:00,6.3,2.6,-0.4,-5.1,121373,3.9,452,0.033,1.51,-11
2023/1/31 17:00:00,5.7,-1.8,-3.2,-3.3,170601,3.1,455,0.052,1.29,-15
2023/1/31 18:00:00,4.3,0.6,-1.5,-0.9,118065,2.8,458,0.042,1.15,-20
2023/1/31 19:00:00,4.4,3.7,1.4,-1.4,96042,2.2,461,0.029,0.87,-20
2023/1/31 20:00:00,3.6,3.3,0.2,-0.8,80437,2.3,443,0.032,0.85,-16
2023/1/31 21:00:00,3,2.5,-0.6,-0.7,83234,1.9,449,0.036,0.73,-16
2023/1/31 22:00:00,3,1.5,-2.4,-0.4,70652,2.2,434,0.028,0.77,-10
2023/1/31 23:00:00,3,0.7,-2.8,-0.5,76136,2.2,436,0.026,0.77,-9
